,model,score,mean_absolute_error,mean_squared_error,RMSE
0,LR,0.32111350563936636,4.877154924042398,32.861916074968235,5.732531384560248
